-- phpMyAdmin SQL Dump
-- version 5.2.0
-- https://www.phpmyadmin.net/
--
-- Host: db
-- Generation Time: Jul 09, 2022 at 01:38 PM
-- Server version: 10.8.3-MariaDB-1:10.8.3+maria~jammy
-- PHP Version: 8.0.19

SET SQL_MODE = "NO_AUTO_VALUE_ON_ZERO";
START TRANSACTION;
SET time_zone = "+00:00";


/*!40101 SET @OLD_CHARACTER_SET_CLIENT=@@CHARACTER_SET_CLIENT */;
/*!40101 SET @OLD_CHARACTER_SET_RESULTS=@@CHARACTER_SET_RESULTS */;
/*!40101 SET @OLD_COLLATION_CONNECTION=@@COLLATION_CONNECTION */;
/*!40101 SET NAMES utf8mb4 */;

--
-- Database: `hackathon`
--

-- --------------------------------------------------------

--
-- Table structure for table `flyway_schema_history`
--

CREATE SEQUENCE IF NOT EXISTS "trafficrecord_id_seq";

CREATE TABLE `flyway_schema_history` (
  `installed_rank` int(11) NOT NULL,
  `version` varchar(50) DEFAULT NULL,
  `description` varchar(200) NOT NULL,
  `type` varchar(20) NOT NULL,
  `script` varchar(1000) NOT NULL,
  `checksum` int(11) DEFAULT NULL,
  `installed_by` varchar(100) NOT NULL,
  `installed_on` timestamp NOT NULL DEFAULT current_timestamp(),
  `execution_time` int(11) NOT NULL,
  `success` tinyint(1) NOT NULL
);

--
-- Dumping data for table `flyway_schema_history`
--

INSERT INTO `flyway_schema_history` (`installed_rank`, `version`, `description`, `type`, `script`, `checksum`, `installed_by`, `installed_on`, `execution_time`, `success`) VALUES
(1, '0.0', 'empty', 'SQL', 'V0_0__empty.sql', 0, 'hackathon', '2022-07-09 08:40:26', 2, 1),
(2, '1.0', 'init', 'SQL', 'V1_0__init.sql', 91041955, 'hackathon', '2022-07-09 08:40:26', 58, 1);

-- --------------------------------------------------------

--
-- Table structure for table `TRAFFICRECORD`
--

CREATE SEQUENCE IF NOT EXISTS "trafficrecord_id_seq";

CREATE TABLE "trafficrecord"
(
    "recorddate" DATE DEFAULT NULL,
    "weekday" INTEGER DEFAULT NULL,
    "holiday" BOOLEAN DEFAULT NULL,
    "vacationlowersaxony" BOOLEAN DEFAULT NULL,
    "weekend" BOOLEAN DEFAULT NULL,
    "plantholiday" BOOLEAN DEFAULT NULL,
    "carcount" INTEGER DEFAULT NULL,
    "trafficrecorder_id" BIGINT DEFAULT NULL,
    "id" BIGINT NOT NULL DEFAULT nextval('trafficrecord_id_seq'),
    CONSTRAINT "trafficrecord_pkey" PRIMARY KEY ("id")
);

--
-- Dumping data for table `TRAFFICRECORD`
--

INSERT INTO `trafficrecord` (`recorddate`, `weekday`, `weekend`, `holiday`, `vacationlowersaxony`, `plantholiday`, `carcount`, `trafficrecorder_id`, `id`) VALUES
('2020-05-01 00:00:00', 2, 1, 1, 1, 1, 38, 1, 4),
('2020-05-02 00:00:00', 2, 1, 1, 1, 1, 60, 1, 5),
('2020-05-03 00:00:00', 2, 1, 1, 1, 1, 99, 1, 6),
('2020-05-04 00:00:00', 2, 1, 1, 1, 1, 85, 1, 7),
('2020-05-05 00:00:00', 2, 1, 1, 1, 1, 53, 1, 8),
('2020-05-06 00:00:00', 2, 1, 1, 1, 1, 15, 1, 9),
('2020-05-07 00:00:00', 2, 1, 1, 1, 1, 55, 1, 10),
('2020-05-08 00:00:00', 2, 1, 1, 1, 1, 83, 1, 11),
('2020-05-09 00:00:00', 2, 1, 1, 1, 1, 1, 1, 12),
('2020-05-10 00:00:00', 2, 1, 1, 1, 1, 13, 1, 13),
('2020-05-11 00:00:00', 2, 1, 1, 1, 1, 8, 1, 14),
('2020-05-12 00:00:00', 2, 1, 1, 1, 1, 43, 1, 15),
('2020-05-13 00:00:00', 2, 1, 1, 1, 1, 63, 1, 16),
('2020-05-14 00:00:00', 2, 1, 1, 1, 1, 61, 1, 17),
('2020-05-15 00:00:00', 2, 1, 1, 1, 1, 91, 1, 18),
('2020-05-16 00:00:00', 2, 1, 1, 1, 1, 16, 1, 19),
('2020-05-17 00:00:00', 2, 1, 1, 1, 1, 10, 1, 20),
('2020-05-18 00:00:00', 2, 1, 1, 1, 1, 10, 1, 21),
('2020-05-19 00:00:00', 2, 1, 1, 1, 1, 33, 1, 22),
('2020-05-20 00:00:00', 2, 1, 1, 1, 1, 16, 1, 23),
('2020-05-21 00:00:00', 2, 1, 1, 1, 1, 19, 1, 24),
('2020-05-22 00:00:00', 2, 1, 1, 1, 1, 81, 1, 25),
('2020-05-23 00:00:00', 2, 1, 1, 1, 1, 13, 1, 26),
('2020-05-24 00:00:00', 2, 1, 1, 1, 1, 47, 1, 27),
('2020-05-25 00:00:00', 2, 1, 1, 1, 1, 60, 1, 28),
('2020-05-26 00:00:00', 2, 1, 1, 1, 1, 76, 1, 29),
('2020-05-27 00:00:00', 2, 1, 1, 1, 1, 99, 1, 30),
('2020-05-28 00:00:00', 2, 1, 1, 1, 1, 39, 1, 31),
('2020-05-29 00:00:00', 2, 1, 1, 1, 1, 64, 1, 32),
('2020-05-30 00:00:00', 2, 1, 1, 1, 1, 57, 1, 33),
('2020-05-31 00:00:00', 2, 1, 1, 1, 1, 52, 1, 34),
('2020-05-01 00:00:00', 2, 1, 1, 1, 1, 44, 2, 35),
('2020-05-02 00:00:00', 2, 1, 1, 1, 1, 22, 2, 36),
('2020-05-03 00:00:00', 2, 1, 1, 1, 1, 62, 2, 37),
('2020-05-04 00:00:00', 2, 1, 1, 1, 1, 67, 2, 38),
('2020-05-05 00:00:00', 2, 1, 1, 1, 1, 48, 2, 39),
('2020-05-06 00:00:00', 2, 1, 1, 1, 1, 93, 2, 40),
('2020-05-07 00:00:00', 2, 1, 1, 1, 1, 33, 2, 41),
('2020-05-08 00:00:00', 2, 1, 1, 1, 1, 45, 2, 42),
('2020-05-09 00:00:00', 2, 1, 1, 1, 1, 47, 2, 43),
('2020-05-10 00:00:00', 2, 1, 1, 1, 1, 29, 2, 44),
('2020-05-11 00:00:00', 2, 1, 1, 1, 1, 95, 2, 45),
('2020-05-12 00:00:00', 2, 1, 1, 1, 1, 39, 2, 46),
('2020-05-13 00:00:00', 2, 1, 1, 1, 1, 74, 2, 47),
('2020-05-14 00:00:00', 2, 1, 1, 1, 1, 31, 2, 48),
('2020-05-15 00:00:00', 2, 1, 1, 1, 1, 33, 2, 49),
('2020-05-16 00:00:00', 2, 1, 1, 1, 1, 22, 2, 50),
('2020-05-17 00:00:00', 2, 1, 1, 1, 1, 92, 2, 51),
('2020-05-18 00:00:00', 2, 1, 1, 1, 1, 60, 2, 52),
('2020-05-19 00:00:00', 2, 1, 1, 1, 1, 29, 2, 53),
('2020-05-20 00:00:00', 2, 1, 1, 1, 1, 52, 2, 54),
('2020-05-21 00:00:00', 2, 1, 1, 1, 1, 62, 2, 55),
('2020-05-22 00:00:00', 2, 1, 1, 1, 1, 78, 2, 56),
('2020-05-23 00:00:00', 2, 1, 1, 1, 1, 14, 2, 57),
('2020-05-24 00:00:00', 2, 1, 1, 1, 1, 13, 2, 58),
('2020-05-25 00:00:00', 2, 1, 1, 1, 1, 27, 2, 59),
('2020-05-26 00:00:00', 2, 1, 1, 1, 1, 71, 2, 60),
('2020-05-27 00:00:00', 2, 1, 1, 1, 1, 26, 2, 61),
('2020-05-28 00:00:00', 2, 1, 1, 1, 1, 59, 2, 62),
('2020-05-29 00:00:00', 2, 1, 1, 1, 1, 29, 2, 63),
('2020-05-30 00:00:00', 2, 1, 1, 1, 1, 72, 2, 64),
('2020-05-31 00:00:00', 2, 1, 1, 1, 1, 49, 2, 65),
('2020-05-01 00:00:00', 2, 1, 1, 1, 1, 90, 3, 66),
('2020-05-02 00:00:00', 2, 1, 1, 1, 1, 9, 3, 67),
('2020-05-03 00:00:00', 2, 1, 1, 1, 1, 63, 3, 68),
('2020-05-04 00:00:00', 2, 1, 1, 1, 1, 56, 3, 69),
('2020-05-05 00:00:00', 2, 1, 1, 1, 1, 36, 3, 70),
('2020-05-06 00:00:00', 2, 1, 1, 1, 1, 46, 3, 71),
('2020-05-07 00:00:00', 2, 1, 1, 1, 1, 87, 3, 72),
('2020-05-08 00:00:00', 2, 1, 1, 1, 1, 89, 3, 73),
('2020-05-09 00:00:00', 2, 1, 1, 1, 1, 3, 3, 74),
('2020-05-10 00:00:00', 2, 1, 1, 1, 1, 35, 3, 75),
('2020-05-11 00:00:00', 2, 1, 1, 1, 1, 86, 3, 76),
('2020-05-12 00:00:00', 2, 1, 1, 1, 1, 39, 3, 77),
('2020-05-13 00:00:00', 2, 1, 1, 1, 1, 37, 3, 78),
('2020-05-14 00:00:00', 2, 1, 1, 1, 1, 59, 3, 79),
('2020-05-15 00:00:00', 2, 1, 1, 1, 1, 62, 3, 80),
('2020-05-16 00:00:00', 2, 1, 1, 1, 1, 44, 3, 81),
('2020-05-17 00:00:00', 2, 1, 1, 1, 1, 93, 3, 82),
('2020-05-18 00:00:00', 2, 1, 1, 1, 1, 2, 3, 83),
('2020-05-19 00:00:00', 2, 1, 1, 1, 1, 43, 3, 84),
('2020-05-20 00:00:00', 2, 1, 1, 1, 1, 83, 3, 85),
('2020-05-21 00:00:00', 2, 1, 1, 1, 1, 2, 3, 86),
('2020-05-22 00:00:00', 2, 1, 1, 1, 1, 87, 3, 87),
('2020-05-23 00:00:00', 2, 1, 1, 1, 1, 99, 3, 88),
('2020-05-24 00:00:00', 2, 1, 1, 1, 1, 35, 3, 89),
('2020-05-25 00:00:00', 2, 1, 1, 1, 1, 82, 3, 90),
('2020-05-26 00:00:00', 2, 1, 1, 1, 1, 91, 3, 91),
('2020-05-27 00:00:00', 2, 1, 1, 1, 1, 1, 3, 92),
('2020-05-28 00:00:00', 2, 1, 1, 1, 1, 71, 3, 93),
('2020-05-29 00:00:00', 2, 1, 1, 1, 1, 51, 3, 94),
('2020-05-30 00:00:00', 2, 1, 1, 1, 1, 23, 3, 95),
('2020-05-31 00:00:00', 2, 1, 1, 1, 1, 85, 3, 96),
('2020-05-01 00:00:00', 2, 1, 1, 1, 1, 45, 4, 97),
('2020-05-02 00:00:00', 2, 1, 1, 1, 1, 71, 4, 98),
('2020-05-03 00:00:00', 2, 1, 1, 1, 1, 47, 4, 99),
('2020-05-04 00:00:00', 2, 1, 1, 1, 1, 73, 4, 100),
('2020-05-05 00:00:00', 2, 1, 1, 1, 1, 89, 4, 101),
('2020-05-06 00:00:00', 2, 1, 1, 1, 1, 93, 4, 102),
('2020-05-07 00:00:00', 2, 1, 1, 1, 1, 51, 4, 103),
('2020-05-08 00:00:00', 2, 1, 1, 1, 1, 90, 4, 104),
('2020-05-09 00:00:00', 2, 1, 1, 1, 1, 79, 4, 105),
('2020-05-10 00:00:00', 2, 1, 1, 1, 1, 72, 4, 106),
('2020-05-11 00:00:00', 2, 1, 1, 1, 1, 31, 4, 107),
('2020-05-12 00:00:00', 2, 1, 1, 1, 1, 50, 4, 108),
('2020-05-13 00:00:00', 2, 1, 1, 1, 1, 72, 4, 109),
('2020-05-14 00:00:00', 2, 1, 1, 1, 1, 49, 4, 110),
('2020-05-15 00:00:00', 2, 1, 1, 1, 1, 27, 4, 111),
('2020-05-16 00:00:00', 2, 1, 1, 1, 1, 39, 4, 112),
('2020-05-17 00:00:00', 2, 1, 1, 1, 1, 42, 4, 113),
('2020-05-18 00:00:00', 2, 1, 1, 1, 1, 4, 4, 114),
('2020-05-19 00:00:00', 2, 1, 1, 1, 1, 6, 4, 115),
('2020-05-20 00:00:00', 2, 1, 1, 1, 1, 48, 4, 116),
('2020-05-21 00:00:00', 2, 1, 1, 1, 1, 18, 4, 117),
('2020-05-22 00:00:00', 2, 1, 1, 1, 1, 4, 4, 118),
('2020-05-23 00:00:00', 2, 1, 1, 1, 1, 48, 4, 119),
('2020-05-24 00:00:00', 2, 1, 1, 1, 1, 100, 4, 120),
('2020-05-25 00:00:00', 2, 1, 1, 1, 1, 37, 4, 121),
('2020-05-26 00:00:00', 2, 1, 1, 1, 1, 92, 4, 122),
('2020-05-27 00:00:00', 2, 1, 1, 1, 1, 19, 4, 123),
('2020-05-28 00:00:00', 2, 1, 1, 1, 1, 86, 4, 124),
('2020-05-29 00:00:00', 2, 1, 1, 1, 1, 88, 4, 125),
('2020-05-30 00:00:00', 2, 1, 1, 1, 1, 44, 4, 126),
('2020-05-31 00:00:00', 2, 1, 1, 1, 1, 25, 4, 127),
('2020-05-01 00:00:00', 2, 1, 1, 1, 1, 17, 5, 128),
('2020-05-02 00:00:00', 2, 1, 1, 1, 1, 40, 5, 129),
('2020-05-03 00:00:00', 2, 1, 1, 1, 1, 42, 5, 130),
('2020-05-04 00:00:00', 2, 1, 1, 1, 1, 82, 5, 131),
('2020-05-05 00:00:00', 2, 1, 1, 1, 1, 51, 5, 132),
('2020-05-06 00:00:00', 2, 1, 1, 1, 1, 5, 5, 133),
('2020-05-07 00:00:00', 2, 1, 1, 1, 1, 24, 5, 134),
('2020-05-08 00:00:00', 2, 1, 1, 1, 1, 49, 5, 135),
('2020-05-09 00:00:00', 2, 1, 1, 1, 1, 6, 5, 136),
('2020-05-10 00:00:00', 2, 1, 1, 1, 1, 42, 5, 137),
('2020-05-11 00:00:00', 2, 1, 1, 1, 1, 46, 5, 138),
('2020-05-12 00:00:00', 2, 1, 1, 1, 1, 74, 5, 139),
('2020-05-13 00:00:00', 2, 1, 1, 1, 1, 49, 5, 140),
('2020-05-14 00:00:00', 2, 1, 1, 1, 1, 32, 5, 141),
('2020-05-15 00:00:00', 2, 1, 1, 1, 1, 20, 5, 142),
('2020-05-16 00:00:00', 2, 1, 1, 1, 1, 9, 5, 143),
('2020-05-17 00:00:00', 2, 1, 1, 1, 1, 50, 5, 144),
('2020-05-18 00:00:00', 2, 1, 1, 1, 1, 89, 5, 145),
('2020-05-19 00:00:00', 2, 1, 1, 1, 1, 88, 5, 146),
('2020-05-20 00:00:00', 2, 1, 1, 1, 1, 79, 5, 147),
('2020-05-21 00:00:00', 2, 1, 1, 1, 1, 42, 5, 148),
('2020-05-22 00:00:00', 2, 1, 1, 1, 1, 33, 5, 149),
('2020-05-23 00:00:00', 2, 1, 1, 1, 1, 27, 5, 150),
('2020-05-24 00:00:00', 2, 1, 1, 1, 1, 9, 5, 151),
('2020-05-25 00:00:00', 2, 1, 1, 1, 1, 57, 5, 152),
('2020-05-26 00:00:00', 2, 1, 1, 1, 1, 54, 5, 153),
('2020-05-27 00:00:00', 2, 1, 1, 1, 1, 57, 5, 154),
('2020-05-28 00:00:00', 2, 1, 1, 1, 1, 98, 5, 155),
('2020-05-29 00:00:00', 2, 1, 1, 1, 1, 72, 5, 156),
('2020-05-30 00:00:00', 2, 1, 1, 1, 1, 40, 5, 157),
('2020-05-31 00:00:00', 2, 1, 1, 1, 1, 67, 5, 158);

-- --------------------------------------------------------

--
-- Table structure for table `trafficrecorder`
--

CREATE SEQUENCE IF NOT EXISTS "trafficrecorder_id_seq";

CREATE TABLE `trafficrecorder` (
  `externalid` varchar(255) DEFAULT NULL,
  `citydirection` varchar(255) DEFAULT NULL,
  `neighbor` varchar(255) DEFAULT NULL,
  `specialty` varchar(255) DEFAULT NULL,
  `location` varchar(255) DEFAULT NULL,
  `latitude` decimal(22,19) DEFAULT NULL,
  `longitude` decimal(22,19) DEFAULT NULL,
  "id" BIGINT NOT NULL DEFAULT nextval('trafficrecorder_id_seq'),
  CONSTRAINT "trafficrecorder_pkey" PRIMARY KEY ("id")
);

--
-- Dumping data for table `TRAFFICRECORDER`
--

INSERT INTO `trafficrecorder` (`externalid`, `citydirection`, `neighbor`, `specialty`, `location`, `latitude`, `longitude`, `id`) VALUES
('216_Z2C', 'in', 'neighbor', 'specialty', 'location', '23.32', '50.21', 1),
('302_Z1A', 'in', 'neighbor', 'specialty', 'location', '23.32', '50.21', 2),
('310_Z2C', 'in', 'neighbor', 'specialty', 'location', '23.32', '50.21', 3),
('317_Z2', 'in', 'neighbor', 'specialty', 'location', '23.32', '50.21', 4),
('317_Z2', 'in', 'neighbor', 'specialty', 'location', '23.32', '50.21', 5);

--
-- Indexes for dumped tables
--

--
-- Indexes for table `flyway_schema_history`
--
ALTER TABLE `flyway_schema_history`
  ADD PRIMARY KEY (`installed_rank`),
  ADD KEY `flyway_schema_history_s_idx` (`success`);

--
-- Indexes for table `TRAFFICRECORD`
--
ALTER TABLE `TRAFFICRECORD`
  ADD PRIMARY KEY (`ID`),
  ADD KEY `FK_TRAFFICRECORD_TRAFFICRECORDER` (`TRAFFICRECORDER_ID`);

--
-- Indexes for table `TRAFFICRECORDER`
--
ALTER TABLE `TRAFFICRECORDER`
  ADD PRIMARY KEY (`ID`);

--
-- AUTO_INCREMENT for dumped tables
--

--
-- AUTO_INCREMENT for table `TRAFFICRECORD`
--
ALTER TABLE `TRAFFICRECORD`
  MODIFY `ID` bigint(20) NOT NULL AUTO_INCREMENT, AUTO_INCREMENT=159;

--
-- AUTO_INCREMENT for table `TRAFFICRECORDER`
--
ALTER TABLE `TRAFFICRECORDER`
  MODIFY `ID` bigint(20) NOT NULL AUTO_INCREMENT, AUTO_INCREMENT=6;

--
-- Constraints for dumped tables
--

--
-- Constraints for table `TRAFFICRECORD`
--
ALTER TABLE `TRAFFICRECORD`
  ADD CONSTRAINT `FK_TRAFFICRECORD_TRAFFICRECORDER` FOREIGN KEY (`TRAFFICRECORDER_ID`) REFERENCES `TRAFFICRECORDER` (`ID`);
COMMIT;

/*!40101 SET CHARACTER_SET_CLIENT=@OLD_CHARACTER_SET_CLIENT */;
/*!40101 SET CHARACTER_SET_RESULTS=@OLD_CHARACTER_SET_RESULTS */;
/*!40101 SET COLLATION_CONNECTION=@OLD_COLLATION_CONNECTION */;
